ISBN						
9781394186921						
9781394182930						
9781119909378						
9781119982623						
9781119861072						
9781119862918						
9781119810865						
9781119807308						
9781119891437						
9781119705154						
9781118957400						
9781119864585						
9781119426738						
9781119909408						
9781119787631						
9781119786238						
9781119852070						
9781119803164						
9781119669883						
9781119659181						
9781119800286						
9781119801931						
9781119845256						
9781119811633						
9781119892489						
9781119892458						
9781119871057						
9781119755463						
9781119611097						
9781119770923						